{
    "curve_parameters": {
        "1": [
            7.09040969074722e-07, 
            6.958732945643215e-07, 
            1.153659235634917, 
            0.0424565648072488, 
            5.683352085718912e-05
        ], 
        "p11": [
            7.0904096907472204e-07, 
            6.9587329456432149e-07, 
            1.1536592356349169, 
            0.042456564807248798, 
            5.6833520857189122e-05
        ]
    }, 
    "heater_count": 2
}