{
    "curve_parameters": {
        "18": [
            5055.1247424672583, 
            126.88195772464798, 
            1.2915162990081723, 
            0.011199889234349773, 
            0.00017404637663591716
        ]
    }, 
    "heater_count": 1
}